{
  "schema_version": 1,
  "source": "data/source/municipalities_1990_registry_109.json + Banovići (Phase H5.4)",
  "generator_script": "Phase H5.4 — Reconcile mun1990 registry vs mapping",
  "count": 110,
  "rows": [
    {
      "mun1990_id": "banja_luka",
      "name": "Banja Luka",
      "normalized_name": "Banja Luka"
    },
    {
      "mun1990_id": "banovici",
      "name": "Banovići",
      "normalized_name": "Banovici"
    },
    {
      "mun1990_id": "bihac",
      "name": "Bihać",
      "normalized_name": "Bihac"
    },
    {
      "mun1990_id": "bijeljina",
      "name": "Bijeljina",
      "normalized_name": "Bijeljina"
    },
    {
      "mun1990_id": "bileca",
      "name": "Bileća",
      "normalized_name": "Bileca"
    },
    {
      "mun1990_id": "bosanska_dubica",
      "name": "Bosanska Dubica",
      "normalized_name": "Bosanska Dubica"
    },
    {
      "mun1990_id": "bosanska_gradiska",
      "name": "Bosanska Gradiška",
      "normalized_name": "Bosanska Gradiska"
    },
    {
      "mun1990_id": "bosanska_kostajnica",
      "name": "Bosanska Kostajnica",
      "normalized_name": "Bosanska Kostajnica"
    },
    {
      "mun1990_id": "bosanska_krupa",
      "name": "Bosanska Krupa",
      "normalized_name": "Bosanska Krupa"
    },
    {
      "mun1990_id": "bosanski_brod",
      "name": "Bosanski Brod",
      "normalized_name": "Bosanski Brod"
    },
    {
      "mun1990_id": "bosanski_novi",
      "name": "Bosanski Novi",
      "normalized_name": "Bosanski Novi"
    },
    {
      "mun1990_id": "bosanski_petrovac",
      "name": "Bosanski Petrovac",
      "normalized_name": "Bosanski Petrovac"
    },
    {
      "mun1990_id": "bosanski_samac",
      "name": "Bosanski Šamac",
      "normalized_name": "Bosanski Samac"
    },
    {
      "mun1990_id": "bosansko_grahovo",
      "name": "Bosansko Grahovo",
      "normalized_name": "Bosansko Grahovo"
    },
    {
      "mun1990_id": "bratunac",
      "name": "Bratunac",
      "normalized_name": "Bratunac"
    },
    {
      "mun1990_id": "brcko",
      "name": "Brčko",
      "normalized_name": "Brcko"
    },
    {
      "mun1990_id": "breza",
      "name": "Breza",
      "normalized_name": "Breza"
    },
    {
      "mun1990_id": "bugojno",
      "name": "Bugojno",
      "normalized_name": "Bugojno"
    },
    {
      "mun1990_id": "busovaca",
      "name": "Busovača",
      "normalized_name": "Busovaca"
    },
    {
      "mun1990_id": "cajnice",
      "name": "Čajniče",
      "normalized_name": "Cajnice"
    },
    {
      "mun1990_id": "capljina",
      "name": "Čapljina",
      "normalized_name": "Capljina"
    },
    {
      "mun1990_id": "cazin",
      "name": "Cazin",
      "normalized_name": "Cazin"
    },
    {
      "mun1990_id": "celinac",
      "name": "Čelinac",
      "normalized_name": "Celinac"
    },
    {
      "mun1990_id": "centar_sarajevo",
      "name": "Centar Sarajevo",
      "normalized_name": "Centar Sarajevo"
    },
    {
      "mun1990_id": "citluk",
      "name": "Čitluk",
      "normalized_name": "Citluk"
    },
    {
      "mun1990_id": "derventa",
      "name": "Derventa",
      "normalized_name": "Derventa"
    },
    {
      "mun1990_id": "doboj",
      "name": "Doboj",
      "normalized_name": "Doboj"
    },
    {
      "mun1990_id": "donji_vakuf",
      "name": "Donji Vakuf",
      "normalized_name": "Donji Vakuf"
    },
    {
      "mun1990_id": "duvno",
      "name": "Duvno",
      "normalized_name": "Duvno"
    },
    {
      "mun1990_id": "foca",
      "name": "Foča",
      "normalized_name": "Foca"
    },
    {
      "mun1990_id": "fojnica",
      "name": "Fojnica",
      "normalized_name": "Fojnica"
    },
    {
      "mun1990_id": "gacko",
      "name": "Gacko",
      "normalized_name": "Gacko"
    },
    {
      "mun1990_id": "glamoc",
      "name": "Glamoč",
      "normalized_name": "Glamoc"
    },
    {
      "mun1990_id": "gorazde",
      "name": "Goražde",
      "normalized_name": "Gorazde"
    },
    {
      "mun1990_id": "gornji_vakuf",
      "name": "Gornji Vakuf",
      "normalized_name": "Gornji Vakuf"
    },
    {
      "mun1990_id": "gracanica",
      "name": "Gračanica",
      "normalized_name": "Gracanica"
    },
    {
      "mun1990_id": "gradacac",
      "name": "Gradačac",
      "normalized_name": "Gradacac"
    },
    {
      "mun1990_id": "grude",
      "name": "Grude",
      "normalized_name": "Grude"
    },
    {
      "mun1990_id": "hadzici",
      "name": "Hadžići",
      "normalized_name": "Hadzici"
    },
    {
      "mun1990_id": "han_pijesak",
      "name": "Han-Pijesak",
      "normalized_name": "Han Pijesak"
    },
    {
      "mun1990_id": "ilidza",
      "name": "Ilidža",
      "normalized_name": "Ilidza"
    },
    {
      "mun1990_id": "ilijas",
      "name": "Ilijaš",
      "normalized_name": "Ilijas"
    },
    {
      "mun1990_id": "jablanica",
      "name": "Jablanica",
      "normalized_name": "Jablanica"
    },
    {
      "mun1990_id": "jajce",
      "name": "Jajce",
      "normalized_name": "Jajce"
    },
    {
      "mun1990_id": "kakanj",
      "name": "Kakanj",
      "normalized_name": "Kakanj"
    },
    {
      "mun1990_id": "kalesija",
      "name": "Kalesija",
      "normalized_name": "Kalesija"
    },
    {
      "mun1990_id": "kalinovik",
      "name": "Kalinovik",
      "normalized_name": "Kalinovik"
    },
    {
      "mun1990_id": "kiseljak",
      "name": "Kiseljak",
      "normalized_name": "Kiseljak"
    },
    {
      "mun1990_id": "kladanj",
      "name": "Kladanj",
      "normalized_name": "Kladanj"
    },
    {
      "mun1990_id": "kljuc",
      "name": "Ključ",
      "normalized_name": "Kljuc"
    },
    {
      "mun1990_id": "konjic",
      "name": "Konjic",
      "normalized_name": "Konjic"
    },
    {
      "mun1990_id": "kotor_varos",
      "name": "Kotor Varoš",
      "normalized_name": "Kotor Varos"
    },
    {
      "mun1990_id": "kresevo",
      "name": "Kreševo",
      "normalized_name": "Kresevo"
    },
    {
      "mun1990_id": "kupres",
      "name": "Kupres",
      "normalized_name": "Kupres"
    },
    {
      "mun1990_id": "laktasi",
      "name": "Laktaši",
      "normalized_name": "Laktasi"
    },
    {
      "mun1990_id": "listica",
      "name": "Lištica",
      "normalized_name": "Listica"
    },
    {
      "mun1990_id": "livno",
      "name": "Livno",
      "normalized_name": "Livno"
    },
    {
      "mun1990_id": "lopare",
      "name": "Lopare",
      "normalized_name": "Lopare"
    },
    {
      "mun1990_id": "lukavac",
      "name": "Lukavac",
      "normalized_name": "Lukavac"
    },
    {
      "mun1990_id": "ljubinje",
      "name": "Ljubinje",
      "normalized_name": "Ljubinje"
    },
    {
      "mun1990_id": "ljubuski",
      "name": "Ljubuški",
      "normalized_name": "Ljubuski"
    },
    {
      "mun1990_id": "maglaj",
      "name": "Maglaj",
      "normalized_name": "Maglaj"
    },
    {
      "mun1990_id": "modrica",
      "name": "Modriča",
      "normalized_name": "Modrica"
    },
    {
      "mun1990_id": "mostar",
      "name": "Mostar",
      "normalized_name": "Mostar"
    },
    {
      "mun1990_id": "mrkonjic_grad",
      "name": "Mrkonjić Grad",
      "normalized_name": "Mrkonjic Grad"
    },
    {
      "mun1990_id": "neum",
      "name": "Neum",
      "normalized_name": "Neum"
    },
    {
      "mun1990_id": "nevesinje",
      "name": "Nevesinje",
      "normalized_name": "Nevesinje"
    },
    {
      "mun1990_id": "novi_grad_sarajevo",
      "name": "Novi Grad Sarajevo",
      "normalized_name": "Novi Grad Sarajevo"
    },
    {
      "mun1990_id": "novi_travnik",
      "name": "Novi Travnik",
      "normalized_name": "Novi Travnik"
    },
    {
      "mun1990_id": "odzak",
      "name": "Odžak",
      "normalized_name": "Odzak"
    },
    {
      "mun1990_id": "olovo",
      "name": "Olovo",
      "normalized_name": "Olovo"
    },
    {
      "mun1990_id": "orasje",
      "name": "Orašje",
      "normalized_name": "Orasje"
    },
    {
      "mun1990_id": "pale",
      "name": "Pale",
      "normalized_name": "Pale"
    },
    {
      "mun1990_id": "posusje",
      "name": "Posušje",
      "normalized_name": "Posusje"
    },
    {
      "mun1990_id": "prijedor",
      "name": "Prijedor",
      "normalized_name": "Prijedor"
    },
    {
      "mun1990_id": "prnjavor",
      "name": "Prnjavor",
      "normalized_name": "Prnjavor"
    },
    {
      "mun1990_id": "prozor",
      "name": "Prozor",
      "normalized_name": "Prozor"
    },
    {
      "mun1990_id": "rogatica",
      "name": "Rogatica",
      "normalized_name": "Rogatica"
    },
    {
      "mun1990_id": "rudo",
      "name": "Rudo",
      "normalized_name": "Rudo"
    },
    {
      "mun1990_id": "sanski_most",
      "name": "Sanski Most",
      "normalized_name": "Sanski Most"
    },
    {
      "mun1990_id": "novo_sarajevo",
      "name": "Novo Sarajevo",
      "normalized_name": "Novo Sarajevo"
    },
    {
      "mun1990_id": "sekovici",
      "name": "Šekovići",
      "normalized_name": "Sekovici"
    },
    {
      "mun1990_id": "sipovo",
      "name": "Šipovo",
      "normalized_name": "Sipovo"
    },
    {
      "mun1990_id": "skender_vakuf",
      "name": "Skender Vakuf",
      "normalized_name": "Skender Vakuf"
    },
    {
      "mun1990_id": "sokolac",
      "name": "Sokolac",
      "normalized_name": "Sokolac"
    },
    {
      "mun1990_id": "srbac",
      "name": "Srbac",
      "normalized_name": "Srbac"
    },
    {
      "mun1990_id": "srebrenica",
      "name": "Srebrenica",
      "normalized_name": "Srebrenica"
    },
    {
      "mun1990_id": "srebrenik",
      "name": "Srebrenik",
      "normalized_name": "Srebrenik"
    },
    {
      "mun1990_id": "stari_grad_sarajevo",
      "name": "Stari Grad Sarajevo",
      "normalized_name": "Stari Grad Sarajevo"
    },
    {
      "mun1990_id": "stolac",
      "name": "Stolac",
      "normalized_name": "Stolac"
    },
    {
      "mun1990_id": "tesanj",
      "name": "Tešanj",
      "normalized_name": "Tesanj"
    },
    {
      "mun1990_id": "teslic",
      "name": "Teslić",
      "normalized_name": "Teslic"
    },
    {
      "mun1990_id": "titov_drvar",
      "name": "Titov Drvar",
      "normalized_name": "Titov Drvar"
    },
    {
      "mun1990_id": "travnik",
      "name": "Travnik",
      "normalized_name": "Travnik"
    },
    {
      "mun1990_id": "trebinje",
      "name": "Trebinje",
      "normalized_name": "Trebinje"
    },
    {
      "mun1990_id": "trnovo",
      "name": "Trnovo",
      "normalized_name": "Trnovo"
    },
    {
      "mun1990_id": "tuzla",
      "name": "Tuzla",
      "normalized_name": "Tuzla"
    },
    {
      "mun1990_id": "ugljevik",
      "name": "Ugljevik",
      "normalized_name": "Ugljevik"
    },
    {
      "mun1990_id": "vares",
      "name": "Vareš",
      "normalized_name": "Vares"
    },
    {
      "mun1990_id": "velika_kladusa",
      "name": "Velika Kladuša",
      "normalized_name": "Velika Kladusa"
    },
    {
      "mun1990_id": "visegrad",
      "name": "Višegrad",
      "normalized_name": "Visegrad"
    },
    {
      "mun1990_id": "visoko",
      "name": "Visoko",
      "normalized_name": "Visoko"
    },
    {
      "mun1990_id": "vitez",
      "name": "Vitez",
      "normalized_name": "Vitez"
    },
    {
      "mun1990_id": "vlasenica",
      "name": "Vlasenica",
      "normalized_name": "Vlasenica"
    },
    {
      "mun1990_id": "vogosca",
      "name": "Vogošća",
      "normalized_name": "Vogosca"
    },
    {
      "mun1990_id": "zavidovici",
      "name": "Zavidovići",
      "normalized_name": "Zavidovici"
    },
    {
      "mun1990_id": "zenica",
      "name": "Zenica",
      "normalized_name": "Zenica"
    },
    {
      "mun1990_id": "zepce",
      "name": "Žepče",
      "normalized_name": "Zepce"
    },
    {
      "mun1990_id": "zivinice",
      "name": "Živinice",
      "normalized_name": "Zivinice"
    },
    {
      "mun1990_id": "zvornik",
      "name": "Zvornik",
      "normalized_name": "Zvornik"
    }
  ]
}